Distance (km),Delivery Urgency (hours),Cargo Type,Market Condition,Price ($)
152,37,Clothing,Low Demand,269.0
485,39,Electronics,Medium Demand,420.5
910,44,Furniture,Low Demand,615.0
320,31,Furniture,High Demand,410.0
156,39,Electronics,High Demand,362.0
121,59,Electronics,High Demand,408.5
750,8,Perishable,High Demand,624.0
70,55,Furniture,Medium Demand,285.0
664,17,Machinery,High Demand,608.0
171,70,Electronics,Medium Demand,397.5
516,59,Electronics,High Demand,538.0
264,10,Clothing,Medium Demand,321.0
380,62,Machinery,Low Demand,369.0
508,22,Machinery,High Demand,531.0
137,52,Electronics,Medium Demand,323.5
422,28,Perishable,Low Demand,369.0
149,19,Clothing,High Demand,342.5
921,71,Machinery,High Demand,814.5
713,56,Electronics,High Demand,666.5
180,43,Machinery,Medium Demand,351.0
711,69,Clothing,Medium Demand,639.5
358,43,Clothing,Low Demand,369.0
819,55,Furniture,Medium Demand,682.5
393,35,Electronics,Medium Demand,430.5
541,56,Clothing,High Demand,612.5
463,68,Furniture,High Demand,583.5
855,57,Furniture,High Demand,780.5
435,43,Machinery,High Demand,467.5
241,35,Machinery,High Demand,439.5
326,56,Furniture,High Demand,456.0
210,10,Machinery,High Demand,370.0
509,34,Clothing,Low Demand,439.5
363,9,Perishable,Low Demand,316.5
71,15,Clothing,Low Demand,197.5
302,61,Furniture,Low Demand,365.0
797,22,Furniture,High Demand,626.5
906,22,Clothing,Low Demand,624.0
610,39,Machinery,High Demand,590.0
524,11,Machinery,Low Demand,366.0
108,58,Furniture,Medium Demand,283.0
560,71,Electronics,Low Demand,505.0
731,48,Machinery,Low Demand,571.5
525,28,Clothing,High Demand,471.5
749,60,Machinery,Low Demand,631.5
832,21,Clothing,Medium Demand,616.0
239,13,Furniture,High Demand,323.5
736,9,Machinery,High Demand,618.0
612,9,Clothing,Low Demand,379.0
925,61,Furniture,High Demand,830.5
616,30,Electronics,High Demand,566.0
293,32,Clothing,High Demand,399.5
881,37,Electronics,High Demand,746.5
554,55,Electronics,High Demand,601.0
180,66,Perishable,High Demand,490.0
534,56,Machinery,Medium Demand,505.0
868,24,Clothing,Low Demand,611.0
696,26,Electronics,Medium Demand,505.0
70,10,Perishable,High Demand,267.0
890,47,Furniture,High Demand,752.0
216,66,Clothing,Low Demand,351.0
323,27,Electronics,Medium Demand,413.5
437,26,Machinery,Low Demand,338.5
650,6,Perishable,Medium Demand,562.0
365,10,Electronics,High Demand,431.5
63,17,Machinery,Low Demand,157.5
291,51,Electronics,Low Demand,370.5
826,39,Clothing,High Demand,729.0
395,54,Clothing,Low Demand,374.5
614,50,Clothing,Medium Demand,601.0
947,32,Perishable,Medium Demand,754.5
389,31,Clothing,Medium Demand,399.5
141,52,Machinery,Medium Demand,296.5
416,61,Electronics,High Demand,481.0
504,68,Furniture,Low Demand,459.0
477,53,Machinery,Medium Demand,500.5
558,66,Machinery,High Demand,632.0
825,31,Clothing,Low Demand,530.5
992,41,Perishable,Low Demand,755.0
84,6,Electronics,High Demand,259.0
255,13,Perishable,High Demand,419.5
130,57,Electronics,Medium Demand,294.0
981,52,Electronics,Low Demand,726.5
611,61,Perishable,Low Demand,577.5
921,19,Machinery,High Demand,729.5
437,33,Electronics,Low Demand,413.5
51,7,Perishable,Medium Demand,260.5
439,31,Electronics,Low Demand,427.5
615,19,Furniture,High Demand,506.5
155,64,Machinery,High Demand,407.5
821,61,Clothing,Medium Demand,706.5
871,12,Electronics,Medium Demand,563.5
526,8,Furniture,Low Demand,355.0
752,28,Clothing,Low Demand,493.0
451,23,Clothing,High Demand,437.5
779,43,Electronics,Medium Demand,580.5
605,20,Perishable,Medium Demand,588.5
211,69,Electronics,Medium Demand,347.5
251,33,Furniture,Low Demand,297.5
319,44,Clothing,Medium Demand,374.5
912,62,Electronics,High Demand,807.0
865,22,Perishable,High Demand,744.5
320,49,Electronics,Low Demand,366.0
505,30,Machinery,Low Demand,394.5
511,22,Perishable,Medium Demand,510.5
776,18,Furniture,Low Demand,523.0
301,30,Clothing,High Demand,378.5
751,15,Electronics,Medium Demand,590.5
345,23,Perishable,High Demand,486.5
774,39,Machinery,Medium Demand,630.0
769,13,Perishable,Low Demand,603.5
798,45,Machinery,Medium Demand,635.0
387,47,Furniture,Medium Demand,425.5
928,46,Clothing,High Demand,773.0
102,11,Furniture,High Demand,255.0
841,57,Electronics,Medium Demand,646.5
971,31,Perishable,Low Demand,730.5
266,69,Machinery,Low Demand,374.0
813,64,Machinery,High Demand,690.5
237,61,Perishable,Low Demand,418.5
429,64,Perishable,High Demand,628.5
542,38,Electronics,Low Demand,410.0
90,58,Furniture,Medium Demand,347.0
206,27,Machinery,High Demand,325.0
64,26,Electronics,High Demand,287.0
862,9,Furniture,Medium Demand,641.0
114,67,Electronics,High Demand,360.0
906,67,Machinery,Low Demand,665.0
888,29,Perishable,Low Demand,625.0
570,60,Perishable,High Demand,686.0
393,14,Furniture,Low Demand,336.5
178,8,Clothing,High Demand,328.0
697,36,Furniture,Medium Demand,576.5
521,45,Clothing,High Demand,507.5
112,41,Electronics,Medium Demand,327.0
188,29,Electronics,Low Demand,263.0
548,11,Machinery,Medium Demand,424.0
642,71,Clothing,Low Demand,586.0
441,9,Machinery,High Demand,404.5
724,11,Perishable,Low Demand,549.0
468,56,Clothing,High Demand,501.0
338,67,Furniture,High Demand,510.0
428,62,Perishable,Medium Demand,556.0
822,71,Perishable,Medium Demand,730.0
539,13,Furniture,Medium Demand,456.5
280,31,Perishable,Medium Demand,392.0
90,56,Clothing,Low Demand,275.0
77,50,Machinery,Low Demand,269.5
184,49,Perishable,Low Demand,379.0
250,10,Clothing,High Demand,378.0
889,31,Electronics,Low Demand,596.5
829,24,Clothing,Low Demand,560.5
979,25,Machinery,Low Demand,679.5
82,17,Clothing,Medium Demand,223.0
97,52,Furniture,Low Demand,277.5
552,6,Machinery,High Demand,508.0
456,19,Electronics,Medium Demand,368.0
623,69,Furniture,High Demand,608.5
777,43,Clothing,Low Demand,621.5
854,42,Machinery,Medium Demand,699.0
148,16,Electronics,High Demand,290.0
733,8,Furniture,Low Demand,511.5
921,38,Electronics,High Demand,687.5
775,11,Clothing,High Demand,582.5
596,55,Electronics,High Demand,631.0
788,15,Perishable,Low Demand,561.0
662,10,Furniture,Low Demand,422.0
992,28,Electronics,High Demand,727.0
511,15,Clothing,Medium Demand,427.5
692,49,Clothing,Medium Demand,598.0
818,7,Electronics,Low Demand,511.0
54,18,Clothing,Low Demand,203.0
267,45,Machinery,Low Demand,301.5
552,7,Machinery,Low Demand,359.0
816,70,Machinery,Low Demand,688.0
447,68,Perishable,Medium Demand,549.5
920,22,Electronics,Low Demand,607.0
844,14,Perishable,High Demand,669.0
442,20,Clothing,High Demand,429.0
256,29,Perishable,Medium Demand,419.0
64,43,Clothing,High Demand,366.0
907,40,Clothing,Medium Demand,698.5
603,54,Furniture,Medium Demand,538.5
941,67,Machinery,High Demand,806.5
510,65,Clothing,Low Demand,468.0
740,55,Furniture,High Demand,651.0
624,14,Machinery,High Demand,556.0
913,39,Clothing,Medium Demand,639.5
792,40,Clothing,High Demand,704.0
290,6,Perishable,Medium Demand,333.0
613,45,Perishable,Low Demand,505.5
145,69,Machinery,Low Demand,332.5
949,27,Clothing,Low Demand,674.5
783,65,Electronics,High Demand,766.5
534,69,Perishable,Medium Demand,602.0
456,16,Machinery,Low Demand,379.0
280,19,Clothing,Medium Demand,336.0
798,65,Clothing,Medium Demand,728.0
704,35,Electronics,Low Demand,530.0
220,40,Machinery,Low Demand,241.0
590,42,Clothing,Medium Demand,507.0
85,10,Perishable,Low Demand,229.5
574,31,Electronics,Medium Demand,513.0
209,67,Machinery,Medium Demand,420.5
888,9,Electronics,Low Demand,537.0
748,47,Perishable,High Demand,756.0
292,23,Machinery,Low Demand,251.0
135,45,Electronics,High Demand,359.5
845,44,Furniture,Medium Demand,688.5
627,19,Perishable,Medium Demand,559.5
731,37,Perishable,High Demand,660.5
606,56,Perishable,Medium Demand,615.0
623,43,Furniture,High Demand,594.5
695,28,Furniture,High Demand,573.5
845,68,Clothing,Medium Demand,679.5
77,20,Electronics,High Demand,327.5
669,30,Clothing,Low Demand,541.5
605,22,Electronics,Low Demand,425.5
389,71,Furniture,Medium Demand,460.5
847,58,Furniture,Medium Demand,666.5
380,56,Clothing,High Demand,516.0
689,44,Machinery,High Demand,626.5
555,56,Clothing,High Demand,606.5
397,11,Electronics,High Demand,376.5
522,12,Clothing,Low Demand,383.0
280,56,Perishable,Low Demand,360.0
239,47,Electronics,Medium Demand,348.5
274,69,Electronics,High Demand,507.0
434,20,Machinery,High Demand,407.0
426,34,Furniture,Medium Demand,390.0
332,38,Electronics,High Demand,427.0
682,32,Furniture,High Demand,627.0
677,41,Clothing,High Demand,615.5
794,34,Perishable,High Demand,696.0
308,43,Machinery,High Demand,421.0
408,62,Furniture,Medium Demand,433.0
759,32,Electronics,High Demand,640.5
505,60,Furniture,Medium Demand,509.5
460,38,Electronics,High Demand,472.0
698,71,Furniture,Low Demand,614.0
367,15,Electronics,Low Demand,289.5
726,10,Clothing,Low Demand,486.0
274,43,Electronics,Low Demand,322.0
868,18,Electronics,Medium Demand,604.0
283,36,Perishable,Medium Demand,447.5
733,52,Electronics,High Demand,644.5
713,57,Perishable,Low Demand,597.5
876,61,Machinery,Medium Demand,674.0
423,20,Perishable,High Demand,454.5
721,34,Clothing,High Demand,670.5
657,13,Perishable,Medium Demand,576.5
521,10,Machinery,Low Demand,356.5
282,34,Clothing,High Demand,384.0
741,52,Furniture,Low Demand,542.5
162,50,Furniture,Low Demand,322.0
879,7,Perishable,Low Demand,569.5
546,32,Perishable,High Demand,579.0
491,41,Machinery,Low Demand,417.5
613,41,Machinery,High Demand,579.5
317,31,Electronics,Low Demand,319.5
559,48,Machinery,High Demand,608.5
856,32,Electronics,Low Demand,581.0
435,25,Clothing,Medium Demand,405.5
436,16,Perishable,Low Demand,372.0
162,43,Clothing,Low Demand,312.0
662,11,Machinery,High Demand,554.0
674,28,Clothing,High Demand,589.0
130,52,Clothing,Low Demand,281.0
748,51,Clothing,Medium Demand,672.0
162,17,Machinery,Medium Demand,283.0
51,18,Clothing,High Demand,253.5
691,67,Electronics,Medium Demand,626.5
269,65,Machinery,Low Demand,347.5
615,48,Clothing,High Demand,592.5
904,10,Machinery,Low Demand,596.0
785,42,Furniture,High Demand,686.5
274,36,Electronics,High Demand,408.0
434,14,Clothing,High Demand,461.0
452,56,Furniture,High Demand,549.0
687,34,Furniture,Medium Demand,568.5
179,45,Machinery,Low Demand,261.5
102,46,Furniture,Low Demand,267.0
733,16,Electronics,Low Demand,463.5
779,28,Electronics,High Demand,676.5
721,6,Perishable,Medium Demand,615.5
759,51,Electronics,Low Demand,578.5
465,26,Furniture,Medium Demand,393.5
296,41,Electronics,High Demand,461.0
885,59,Machinery,Low Demand,647.5
488,62,Perishable,Medium Demand,536.0
252,6,Furniture,High Demand,323.0
233,68,Perishable,Medium Demand,460.5
172,59,Furniture,Low Demand,316.0
450,60,Machinery,Low Demand,471.0
816,45,Perishable,High Demand,743.0
343,20,Clothing,High Demand,363.5
329,26,Furniture,High Demand,439.5
886,52,Clothing,Medium Demand,711.0
933,58,Perishable,Medium Demand,822.5
659,14,Clothing,Medium Demand,464.5
247,57,Clothing,High Demand,437.5
956,62,Perishable,Low Demand,782.0
560,31,Machinery,Low Demand,464.0
801,46,Clothing,Medium Demand,597.5
193,40,Clothing,Medium Demand,364.5
658,68,Machinery,Low Demand,553.0
250,30,Clothing,Low Demand,294.0
173,43,Clothing,Medium Demand,299.5
236,7,Clothing,Medium Demand,328.0
375,12,Electronics,Low Demand,314.5
513,39,Machinery,High Demand,520.5
398,22,Clothing,Medium Demand,351.0
820,48,Machinery,Low Demand,637.0
709,64,Furniture,Low Demand,587.5
813,56,Furniture,Low Demand,626.5
981,59,Clothing,Low Demand,742.5
452,29,Machinery,High Demand,435.0
395,30,Machinery,Low Demand,367.5
560,57,Machinery,Medium Demand,551.0
196,38,Electronics,High Demand,383.0
197,54,Furniture,Low Demand,295.5
913,34,Machinery,High Demand,709.5
760,68,Machinery,Medium Demand,652.0
869,27,Electronics,Low Demand,616.5
538,31,Electronics,Medium Demand,522.0
978,33,Machinery,Low Demand,622.0
985,54,Perishable,Low Demand,797.5
689,54,Machinery,Low Demand,564.5
600,25,Machinery,Low Demand,421.0
387,68,Electronics,Low Demand,389.5
921,66,Electronics,High Demand,799.5
690,54,Machinery,Low Demand,559.0
828,6,Machinery,Low Demand,552.0
522,18,Machinery,High Demand,450.0
995,56,Electronics,High Demand,844.5
200,61,Machinery,High Demand,378.0
464,67,Machinery,High Demand,576.0
347,37,Clothing,High Demand,450.5
660,35,Perishable,High Demand,687.0
312,34,Furniture,Low Demand,341.0
813,54,Perishable,Low Demand,705.5
193,50,Clothing,Medium Demand,374.5
395,35,Furniture,Low Demand,317.5
673,21,Machinery,Low Demand,482.5
621,45,Clothing,High Demand,552.5
930,24,Machinery,High Demand,740.0
51,23,Electronics,Low Demand,158.5
946,6,Clothing,Medium Demand,585.0
353,52,Electronics,High Demand,467.5
303,71,Clothing,Low Demand,427.5
701,43,Clothing,Low Demand,514.5
502,56,Electronics,Medium Demand,467.0
86,68,Furniture,Medium Demand,352.0
209,9,Perishable,High Demand,413.5
58,6,Machinery,Medium Demand,161.0
282,13,Clothing,Low Demand,287.0
148,34,Machinery,Low Demand,258.0
708,60,Electronics,Medium Demand,620.0
865,8,Machinery,Medium Demand,631.5
257,37,Electronics,Medium Demand,384.5
180,15,Machinery,Medium Demand,254.0
453,39,Perishable,High Demand,571.5
201,60,Perishable,Medium Demand,438.5
103,37,Perishable,High Demand,325.5
169,55,Perishable,Low Demand,361.5
722,12,Perishable,Medium Demand,546.0
969,13,Perishable,High Demand,769.5
677,70,Electronics,Medium Demand,604.5
636,62,Clothing,Low Demand,547.0
674,64,Machinery,Low Demand,537.0
469,59,Perishable,Low Demand,476.5
471,56,Electronics,Medium Demand,467.5
153,13,Electronics,Medium Demand,262.5
901,39,Electronics,High Demand,740.5
303,40,Clothing,Low Demand,332.5
276,37,Machinery,Medium Demand,399.0
161,51,Clothing,Low Demand,256.5
559,21,Furniture,Low Demand,425.5
522,42,Electronics,High Demand,540.0
148,59,Furniture,High Demand,373.0
202,19,Perishable,High Demand,393.0
910,60,Perishable,High Demand,870.0
963,53,Clothing,Low Demand,641.5
945,12,Machinery,High Demand,681.5
927,12,Furniture,High Demand,685.5
387,38,Machinery,High Demand,476.5
755,28,Clothing,High Demand,621.5
871,24,Perishable,Low Demand,662.5
212,24,Machinery,High Demand,400.0
769,41,Machinery,Low Demand,600.5
730,34,Perishable,Medium Demand,643.0
210,65,Furniture,Low Demand,293.0
629,7,Perishable,Low Demand,433.5
850,6,Machinery,High Demand,621.0
447,52,Furniture,Medium Demand,465.5
326,25,Furniture,Medium Demand,334.0
865,16,Perishable,Medium Demand,654.5
965,7,Machinery,Medium Demand,600.5
553,17,Clothing,Low Demand,401.5
945,25,Machinery,Medium Demand,708.5
441,10,Electronics,Low Demand,370.5
184,42,Clothing,Low Demand,301.0
244,43,Furniture,Low Demand,344.0
450,14,Clothing,Medium Demand,432.0
689,58,Furniture,High Demand,676.5
82,49,Furniture,High Demand,318.0
737,29,Clothing,Medium Demand,582.5
509,35,Furniture,High Demand,559.5
932,64,Furniture,High Demand,816.0
519,19,Electronics,Low Demand,375.5
424,14,Machinery,Low Demand,326.0
71,45,Machinery,Medium Demand,311.5
799,71,Electronics,Medium Demand,653.5
719,30,Clothing,High Demand,600.5
87,27,Perishable,Low Demand,242.5
279,9,Perishable,Medium Demand,329.5
414,31,Perishable,Medium Demand,463.0
612,63,Electronics,Medium Demand,548.0
487,34,Electronics,Medium Demand,495.5
825,42,Furniture,Medium Demand,661.5
332,23,Perishable,Medium Demand,367.0
76,47,Clothing,High Demand,299.0
275,46,Clothing,Low Demand,372.5
326,43,Perishable,Low Demand,370.0
847,39,Perishable,Medium Demand,683.5
658,22,Perishable,Low Demand,502.0
333,42,Electronics,Low Demand,380.5
928,30,Electronics,Low Demand,605.0
530,32,Electronics,Medium Demand,470.0
502,62,Machinery,Medium Demand,552.0
878,36,Clothing,Low Demand,570.0
865,11,Clothing,Low Demand,539.5
708,45,Furniture,Medium Demand,577.0
565,17,Electronics,High Demand,538.5
596,58,Machinery,Low Demand,491.0
241,15,Machinery,High Demand,310.5
98,50,Clothing,Low Demand,276.0
561,22,Electronics,High Demand,512.5
66,31,Furniture,High Demand,291.0
221,67,Electronics,High Demand,412.5
269,51,Perishable,Medium Demand,400.5
207,69,Electronics,High Demand,418.5
526,7,Perishable,High Demand,500.0
95,59,Perishable,High Demand,436.5
422,70,Furniture,Low Demand,409.0
567,56,Clothing,High Demand,591.5
148,58,Electronics,Low Demand,272.0
941,41,Perishable,High Demand,813.5
794,31,Electronics,High Demand,705.0
86,34,Clothing,Medium Demand,229.0
329,26,Clothing,Low Demand,332.5
398,16,Machinery,High Demand,454.0
546,45,Clothing,Low Demand,452.0
351,16,Furniture,Low Demand,303.5
230,41,Perishable,Medium Demand,411.0
656,64,Machinery,Medium Demand,584.0
148,44,Furniture,Medium Demand,311.0
749,59,Electronics,Medium Demand,689.5
165,60,Perishable,Medium Demand,364.5
240,29,Clothing,Medium Demand,278.0
302,27,Perishable,Medium Demand,388.0
977,61,Electronics,Medium Demand,802.5
210,38,Machinery,High Demand,378.0
305,41,Machinery,Low Demand,360.5
372,25,Machinery,Medium Demand,383.0
177,67,Clothing,Medium Demand,370.5
67,31,Furniture,Low Demand,208.5
842,71,Furniture,High Demand,773.0
784,45,Perishable,Low Demand,610.0
615,22,Clothing,Low Demand,439.5
619,6,Machinery,Medium Demand,508.5
372,66,Machinery,Low Demand,393.0
921,48,Electronics,Low Demand,622.5
735,47,Electronics,Medium Demand,631.5
841,30,Machinery,Medium Demand,592.5
675,44,Machinery,Medium Demand,593.5
337,40,Clothing,Medium Demand,373.5
992,8,Furniture,Low Demand,610.0
903,49,Electronics,Low Demand,665.5
712,56,Furniture,High Demand,624.0
688,17,Clothing,High Demand,585.0
204,24,Machinery,Low Demand,248.0
539,49,Furniture,High Demand,569.5
435,64,Machinery,Low Demand,459.5
834,54,Machinery,High Demand,736.0
153,66,Perishable,Medium Demand,374.5
978,22,Furniture,High Demand,725.0
442,62,Furniture,Medium Demand,469.0
860,60,Machinery,Medium Demand,652.0
295,52,Clothing,Medium Demand,429.5
225,17,Perishable,Medium Demand,324.5
88,67,Machinery,High Demand,359.0
526,13,Electronics,Low Demand,364.0
731,26,Electronics,Medium Demand,532.5
808,30,Perishable,High Demand,688.0
587,17,Clothing,Medium Demand,480.5
916,20,Machinery,High Demand,675.0
867,64,Furniture,High Demand,783.5
970,31,Perishable,High Demand,802.0
457,31,Clothing,Low Demand,404.5
574,52,Furniture,High Demand,633.0
877,37,Electronics,High Demand,747.5
555,15,Electronics,Low Demand,436.5
952,21,Furniture,Low Demand,608.0
874,22,Perishable,High Demand,731.0
85,28,Electronics,Low Demand,218.5
734,31,Machinery,Medium Demand,606.0
69,12,Furniture,Medium Demand,186.5
370,19,Furniture,Low Demand,355.0
825,12,Electronics,Low Demand,504.5
561,14,Perishable,High Demand,573.5
449,53,Machinery,Low Demand,420.5
703,64,Perishable,High Demand,723.5
932,44,Clothing,Medium Demand,668.0
520,23,Clothing,Low Demand,358.0
192,64,Electronics,High Demand,384.0
141,22,Electronics,High Demand,316.5
403,19,Electronics,Medium Demand,384.5
883,36,Clothing,Low Demand,592.5
849,29,Perishable,Medium Demand,688.5
776,65,Perishable,High Demand,735.0
903,50,Electronics,High Demand,751.5
100,8,Machinery,Low Demand,163.0
714,42,Perishable,High Demand,706.0
747,48,Clothing,Low Demand,614.5
624,45,Furniture,Medium Demand,509.0
239,60,Furniture,Low Demand,310.5
174,44,Furniture,Low Demand,230.0
199,20,Machinery,High Demand,364.5
363,9,Electronics,High Demand,405.5
619,30,Clothing,Low Demand,454.5
391,18,Machinery,High Demand,459.5
354,38,Clothing,High Demand,494.0
741,21,Clothing,High Demand,618.5
731,47,Electronics,Low Demand,557.5
887,71,Furniture,High Demand,779.5
832,60,Electronics,Low Demand,667.0
103,47,Machinery,High Demand,360.5
493,39,Machinery,Medium Demand,500.5
662,35,Machinery,High Demand,595.0
313,18,Electronics,High Demand,420.5
102,18,Clothing,Low Demand,156.0
621,23,Clothing,Low Demand,469.5
669,37,Perishable,High Demand,700.5
54,44,Machinery,Medium Demand,307.0
152,51,Clothing,High Demand,394.0
245,34,Perishable,High Demand,472.5
823,67,Clothing,Medium Demand,647.5
926,67,Machinery,Low Demand,700.0
933,62,Furniture,High Demand,817.5
399,21,Machinery,Low Demand,354.5
96,61,Electronics,Low Demand,259.0
916,15,Clothing,Medium Demand,646.0
872,35,Clothing,Medium Demand,660.0
985,30,Electronics,Low Demand,663.5
869,10,Electronics,High Demand,607.5
705,70,Furniture,Low Demand,601.5
318,54,Clothing,High Demand,491.0
419,8,Clothing,High Demand,469.5
685,50,Furniture,Medium Demand,637.5
155,19,Perishable,High Demand,405.5
719,35,Furniture,High Demand,608.5
708,23,Machinery,Low Demand,451.0
706,67,Clothing,Medium Demand,648.0
169,42,Electronics,High Demand,366.5
880,30,Machinery,High Demand,658.0
836,53,Clothing,Medium Demand,715.0
653,70,Furniture,Low Demand,546.5
107,58,Machinery,Medium Demand,366.5
395,20,Clothing,Medium Demand,397.5
790,54,Perishable,High Demand,781.0
523,17,Perishable,High Demand,542.5
166,64,Electronics,Low Demand,285.0
879,42,Clothing,High Demand,708.5
840,66,Perishable,High Demand,759.0
176,48,Furniture,Medium Demand,356.0
442,44,Clothing,High Demand,516.0
957,61,Furniture,Low Demand,694.5
690,68,Furniture,Medium Demand,642.0
107,51,Perishable,Low Demand,293.5
683,16,Clothing,Medium Demand,568.5
562,67,Machinery,High Demand,622.0
800,30,Perishable,Medium Demand,690.0
851,57,Perishable,Medium Demand,787.5
145,9,Clothing,High Demand,322.5
687,64,Clothing,High Demand,684.5
167,25,Furniture,Low Demand,226.5
609,68,Clothing,Low Demand,518.5
650,59,Furniture,High Demand,651.0
537,62,Perishable,High Demand,662.5
286,46,Electronics,High Demand,476.0
934,8,Machinery,Medium Demand,591.0
946,11,Perishable,Medium Demand,736.0
321,10,Clothing,Medium Demand,285.5
238,10,Machinery,High Demand,317.0
753,59,Electronics,Low Demand,601.5
496,52,Electronics,High Demand,518.0
630,54,Furniture,Medium Demand,538.0
839,14,Machinery,Medium Demand,633.5
910,25,Furniture,High Demand,749.0
296,66,Perishable,High Demand,482.0
125,40,Machinery,Medium Demand,262.5
203,55,Perishable,Medium Demand,424.5
705,67,Furniture,Medium Demand,675.5
484,22,Machinery,High Demand,471.0
135,8,Furniture,Medium Demand,268.5
746,37,Machinery,Medium Demand,608.0
334,18,Furniture,Low Demand,294.0
269,19,Electronics,High Demand,397.5
118,16,Furniture,Low Demand,182.0
96,61,Electronics,Low Demand,280.0
143,34,Furniture,Medium Demand,251.5
799,14,Machinery,High Demand,587.5
502,30,Machinery,Medium Demand,464.0
253,47,Machinery,High Demand,385.5
961,14,Clothing,Low Demand,565.5
267,45,Perishable,High Demand,481.5
523,30,Machinery,Medium Demand,477.5
481,10,Electronics,Medium Demand,399.5
390,16,Machinery,Medium Demand,385.0
600,64,Clothing,High Demand,579.0
661,43,Electronics,Low Demand,559.5
338,10,Clothing,Low Demand,332.0
303,53,Electronics,High Demand,482.5
783,23,Furniture,Medium Demand,546.5
406,42,Perishable,Low Demand,430.0
72,65,Perishable,Medium Demand,326.0
811,53,Clothing,High Demand,739.5
571,33,Perishable,Medium Demand,580.5
807,45,Clothing,Low Demand,623.5
886,50,Clothing,Low Demand,682.0
149,67,Clothing,Medium Demand,309.5
851,63,Perishable,High Demand,800.5
229,61,Clothing,Medium Demand,347.5
272,45,Perishable,High Demand,515.0
955,45,Clothing,Medium Demand,689.5
811,38,Machinery,Low Demand,548.5
708,11,Clothing,High Demand,587.0
491,24,Electronics,High Demand,538.5
657,45,Clothing,High Demand,629.5
818,64,Furniture,Low Demand,624.0
374,64,Clothing,Medium Demand,481.0
565,53,Electronics,Low Demand,475.5
65,46,Electronics,High Demand,340.5
841,18,Perishable,Medium Demand,699.5
385,50,Machinery,Low Demand,402.5
808,58,Clothing,High Demand,670.0
307,47,Perishable,High Demand,540.5
546,68,Machinery,Low Demand,503.0
945,32,Clothing,Low Demand,681.5
209,43,Furniture,Low Demand,267.5
524,65,Clothing,High Demand,562.0
901,12,Electronics,Low Demand,536.5
713,10,Electronics,High Demand,552.5
957,50,Furniture,Low Demand,727.5
739,63,Perishable,High Demand,701.5
724,36,Machinery,High Demand,605.0
429,28,Clothing,Medium Demand,443.5
594,47,Electronics,Low Demand,493.0
978,15,Perishable,Low Demand,697.0
740,37,Furniture,High Demand,672.0
476,58,Electronics,High Demand,507.0
662,35,Furniture,High Demand,646.0
317,44,Clothing,Medium Demand,368.5
884,36,Machinery,Medium Demand,683.0
626,7,Electronics,High Demand,564.0
466,17,Electronics,Low Demand,400.0
217,44,Clothing,Low Demand,329.5
891,71,Perishable,Medium Demand,812.5
92,18,Machinery,Medium Demand,214.0
605,51,Electronics,High Demand,581.5
334,32,Machinery,Low Demand,288.0
446,22,Electronics,High Demand,417.0
61,65,Machinery,Medium Demand,296.5
656,69,Furniture,Low Demand,578.0
351,40,Electronics,Low Demand,326.5
947,35,Machinery,Medium Demand,712.5
302,68,Perishable,High Demand,507.0
548,33,Furniture,High Demand,585.0
803,65,Furniture,Low Demand,615.5
84,42,Perishable,Medium Demand,354.0
776,27,Machinery,Low Demand,496.0
898,25,Clothing,Medium Demand,658.0
139,69,Perishable,High Demand,452.5
825,22,Machinery,Medium Demand,605.5
654,17,Perishable,High Demand,608.0
971,27,Perishable,Medium Demand,694.5
651,22,Electronics,Low Demand,507.5
467,15,Machinery,High Demand,468.5
164,70,Clothing,Low Demand,330.0
666,27,Electronics,Low Demand,465.0
952,55,Perishable,High Demand,856.0
245,19,Perishable,High Demand,436.5
875,69,Perishable,Low Demand,692.5
550,52,Machinery,Low Demand,430.0
675,34,Machinery,Low Demand,462.5
542,41,Electronics,Low Demand,477.0
124,57,Clothing,High Demand,422.0
462,12,Electronics,High Demand,458.0
425,34,Furniture,Low Demand,367.5
469,16,Perishable,Medium Demand,463.5
778,38,Perishable,Medium Demand,641.0
326,11,Perishable,High Demand,404.0
810,37,Electronics,Low Demand,540.0
725,56,Electronics,Low Demand,566.5
443,63,Perishable,High Demand,607.5
918,31,Electronics,Medium Demand,651.0
506,51,Machinery,Medium Demand,545.0
969,34,Machinery,Medium Demand,747.5
241,9,Electronics,High Demand,348.5
788,18,Perishable,Medium Demand,653.0
738,44,Electronics,High Demand,673.0
148,20,Electronics,High Demand,354.0
597,34,Electronics,Low Demand,450.5
145,34,Furniture,Medium Demand,334.5
713,37,Machinery,High Demand,594.5
712,7,Clothing,Medium Demand,485.0
239,52,Clothing,Medium Demand,335.5
785,27,Furniture,Low Demand,530.5
86,32,Electronics,Medium Demand,281.0
829,61,Furniture,Low Demand,644.5
418,26,Furniture,High Demand,431.0
744,52,Perishable,Medium Demand,679.0
574,64,Machinery,High Demand,639.0
328,11,Clothing,Medium Demand,315.0
266,24,Electronics,High Demand,378.0
916,62,Clothing,Medium Demand,716.0
922,8,Clothing,Medium Demand,662.0
847,6,Machinery,Medium Demand,572.5
322,63,Clothing,Medium Demand,417.0
930,43,Clothing,Medium Demand,728.0
111,20,Furniture,Medium Demand,218.5
645,39,Machinery,Medium Demand,548.5
929,66,Perishable,Medium Demand,841.5
778,40,Electronics,Medium Demand,668.0
391,69,Clothing,High Demand,514.5
446,30,Electronics,Low Demand,387.0
748,29,Perishable,Medium Demand,660.0
68,17,Electronics,Low Demand,175.0
226,23,Perishable,Medium Demand,407.0
661,20,Furniture,Medium Demand,472.5
445,32,Clothing,High Demand,515.5
494,65,Perishable,High Demand,645.0
282,51,Electronics,Low Demand,377.0
964,22,Clothing,High Demand,685.0
125,58,Furniture,High Demand,410.5
314,13,Clothing,Low Demand,257.0
504,32,Perishable,High Demand,583.0
845,51,Furniture,Medium Demand,684.5
767,55,Electronics,Low Demand,571.5
784,8,Furniture,Low Demand,476.0
433,69,Furniture,Medium Demand,496.5
613,49,Machinery,High Demand,619.5
900,58,Furniture,Low Demand,689.0
555,29,Furniture,Low Demand,445.5
416,65,Clothing,Medium Demand,480.0
193,8,Electronics,Medium Demand,236.5
934,25,Clothing,High Demand,686.0
118,51,Clothing,Low Demand,258.0
148,20,Perishable,High Demand,396.0
445,30,Clothing,High Demand,518.5
74,22,Machinery,Medium Demand,204.0
997,14,Machinery,Low Demand,586.5
940,43,Perishable,Low Demand,753.0
518,53,Electronics,Low Demand,469.0
533,65,Electronics,Medium Demand,523.5
614,68,Clothing,Medium Demand,611.0
200,7,Clothing,Medium Demand,276.0
193,16,Clothing,Medium Demand,286.5
618,69,Electronics,Medium Demand,551.0
88,26,Furniture,Low Demand,196.0
158,23,Machinery,High Demand,295.0
742,69,Furniture,Low Demand,570.0
91,43,Furniture,High Demand,330.5
235,37,Electronics,Medium Demand,294.5
984,16,Furniture,High Demand,715.0
447,50,Perishable,Low Demand,506.5
272,38,Clothing,Low Demand,299.0
683,46,Perishable,High Demand,657.5
182,13,Machinery,Medium Demand,230.0
212,16,Clothing,Medium Demand,312.0
264,56,Furniture,Low Demand,325.0
782,46,Machinery,High Demand,643.0
284,22,Clothing,Medium Demand,346.0
892,51,Furniture,Medium Demand,665.0
707,37,Perishable,Low Demand,553.5
800,59,Clothing,Medium Demand,672.0
637,25,Furniture,High Demand,571.5
58,38,Perishable,Low Demand,286.0
123,45,Machinery,Low Demand,287.5
541,37,Machinery,High Demand,568.5
962,7,Machinery,Low Demand,565.0
302,38,Machinery,Medium Demand,370.0
279,35,Electronics,Medium Demand,313.5
568,38,Clothing,High Demand,596.0
223,31,Clothing,Medium Demand,313.5
702,27,Electronics,High Demand,613.0
217,71,Furniture,High Demand,488.5
219,43,Furniture,Medium Demand,348.5
442,51,Machinery,High Demand,546.0
995,20,Perishable,Medium Demand,708.5
844,49,Furniture,Low Demand,652.0
683,54,Perishable,Low Demand,613.5
243,66,Clothing,High Demand,466.5
566,11,Perishable,Medium Demand,525.0
78,14,Clothing,Medium Demand,170.0
214,11,Electronics,Low Demand,243.0
471,37,Electronics,Low Demand,373.5
388,46,Machinery,Medium Demand,461.0
697,13,Furniture,High Demand,545.5
545,55,Machinery,Low Demand,517.5
414,67,Clothing,High Demand,537.0
882,67,Machinery,High Demand,805.0
391,12,Perishable,Low Demand,411.5
549,9,Clothing,High Demand,487.5
706,11,Electronics,High Demand,538.0
560,63,Furniture,Medium Demand,555.0
376,27,Clothing,High Demand,411.0
266,31,Clothing,Medium Demand,344.0
350,8,Perishable,Low Demand,323.0
181,46,Furniture,Low Demand,290.5
853,65,Electronics,Medium Demand,698.5
119,19,Clothing,Low Demand,225.5
301,17,Clothing,High Demand,345.5
464,17,Perishable,High Demand,505.0
836,18,Machinery,High Demand,623.0
494,30,Electronics,Low Demand,450.0
925,50,Furniture,High Demand,749.5
231,24,Clothing,Low Demand,215.5
216,60,Clothing,High Demand,405.0
140,50,Electronics,Medium Demand,325.0
763,13,Machinery,Low Demand,546.5
907,58,Clothing,Low Demand,712.5
580,60,Electronics,High Demand,572.0
88,37,Perishable,Low Demand,294.0
175,56,Machinery,Low Demand,314.5
500,49,Furniture,Medium Demand,484.0
222,23,Clothing,Medium Demand,305.0
702,27,Electronics,High Demand,620.0
803,42,Perishable,Medium Demand,670.5
269,61,Furniture,High Demand,459.5
687,64,Electronics,High Demand,646.5
107,8,Electronics,High Demand,293.5
709,33,Furniture,Low Demand,541.5
525,40,Perishable,Medium Demand,531.5
505,66,Perishable,High Demand,626.5
878,59,Machinery,Medium Demand,678.0
944,68,Clothing,High Demand,777.0
410,12,Furniture,Medium Demand,336.0
984,54,Furniture,Medium Demand,728.0
50,36,Furniture,High Demand,286.0
436,63,Perishable,Low Demand,533.0
397,66,Clothing,Medium Demand,459.5
239,29,Machinery,Low Demand,307.5
554,25,Electronics,Low Demand,460.0
240,42,Electronics,High Demand,408.0
557,9,Furniture,High Demand,461.5
418,25,Clothing,High Demand,454.0
458,65,Perishable,Medium Demand,570.0
873,29,Clothing,High Demand,650.5
978,55,Clothing,High Demand,828.0
983,54,Perishable,Medium Demand,793.5
166,56,Furniture,Medium Demand,353.0
183,41,Clothing,High Demand,378.5
107,71,Electronics,High Demand,392.5
605,39,Perishable,High Demand,606.5
734,41,Machinery,High Demand,651.0
721,11,Furniture,Low Demand,518.5
222,44,Perishable,Low Demand,386.0
878,47,Machinery,High Demand,755.0
864,63,Machinery,Low Demand,642.0
198,17,Clothing,Medium Demand,283.0
129,8,Clothing,Low Demand,213.5
935,23,Clothing,Low Demand,599.5
262,45,Perishable,High Demand,501.0
252,26,Perishable,Low Demand,372.0
813,20,Furniture,Low Demand,552.5
278,31,Clothing,Low Demand,258.0
725,13,Machinery,Low Demand,516.5
276,47,Electronics,Medium Demand,426.0
708,49,Furniture,High Demand,695.0
581,19,Perishable,High Demand,547.5
490,7,Furniture,Medium Demand,411.0
451,42,Furniture,Low Demand,370.5
96,43,Furniture,Medium Demand,282.0
282,46,Furniture,Low Demand,299.0
354,67,Electronics,Medium Demand,474.0
575,65,Clothing,High Demand,608.5
192,19,Machinery,High Demand,377.0
464,7,Furniture,High Demand,424.0
562,22,Furniture,Low Demand,393.0
422,33,Furniture,Low Demand,337.0
615,71,Clothing,Medium Demand,646.5
935,40,Perishable,Medium Demand,746.5
308,10,Perishable,High Demand,444.0
705,70,Electronics,Low Demand,599.5
520,45,Perishable,Medium Demand,533.0
61,61,Furniture,Low Demand,221.5
379,41,Furniture,Low Demand,370.5
785,50,Furniture,High Demand,729.5
833,28,Electronics,High Demand,631.5
407,52,Furniture,Low Demand,388.5
457,36,Perishable,Low Demand,451.5
717,16,Clothing,Low Demand,454.5
422,15,Clothing,Low Demand,374.0
57,19,Machinery,High Demand,218.5
171,15,Perishable,Medium Demand,301.5
397,6,Furniture,High Demand,399.5
725,10,Clothing,Medium Demand,553.5
139,25,Perishable,Low Demand,258.5
697,13,Clothing,Medium Demand,529.5
747,48,Furniture,High Demand,641.5
365,6,Clothing,High Demand,354.5
227,62,Machinery,Low Demand,350.5
589,69,Machinery,High Demand,589.5
781,33,Clothing,Low Demand,598.5
918,42,Perishable,High Demand,836.0
90,52,Perishable,High Demand,404.0
789,42,Perishable,Low Demand,637.5
753,54,Clothing,Medium Demand,593.5
972,49,Perishable,High Demand,822.0
551,61,Furniture,Medium Demand,524.5
194,33,Machinery,High Demand,361.0
250,11,Furniture,High Demand,332.0
978,66,Perishable,High Demand,833.0
773,25,Furniture,High Demand,681.5
510,7,Perishable,Medium Demand,454.0
781,42,Clothing,Medium Demand,599.5
801,25,Furniture,High Demand,685.5
974,31,Clothing,High Demand,702.0
958,34,Clothing,Medium Demand,741.0
607,6,Electronics,Low Demand,446.5
596,40,Perishable,Low Demand,541.0
302,64,Machinery,Medium Demand,416.0
439,38,Perishable,High Demand,582.5
643,56,Machinery,High Demand,669.5
932,17,Perishable,Low Demand,621.0
305,25,Clothing,Low Demand,253.5
758,58,Furniture,Medium Demand,625.0
864,48,Furniture,Low Demand,588.0
970,55,Electronics,Medium Demand,786.0
499,34,Machinery,Low Demand,412.5
59,62,Machinery,Low Demand,298.5
873,44,Machinery,Low Demand,635.5
847,61,Clothing,High Demand,763.5
291,48,Machinery,High Demand,454.5
300,55,Furniture,High Demand,419.0
926,28,Clothing,Low Demand,608.0
54,49,Perishable,Medium Demand,298.0
168,43,Machinery,Medium Demand,368.0
850,28,Machinery,Medium Demand,624.0
423,50,Perishable,Medium Demand,520.5
114,57,Machinery,High Demand,382.0
195,55,Perishable,High Demand,493.5
273,13,Clothing,Low Demand,228.5
288,6,Furniture,Low Demand,270.0
226,13,Perishable,Medium Demand,383.0
828,34,Electronics,High Demand,726.0
902,10,Perishable,Medium Demand,677.0
331,52,Machinery,Low Demand,373.5
112,39,Clothing,Low Demand,236.0
266,70,Clothing,Medium Demand,428.0
903,60,Perishable,Low Demand,768.5
876,48,Furniture,Medium Demand,642.0
844,35,Electronics,High Demand,663.0
738,22,Clothing,Medium Demand,525.0
510,31,Machinery,High Demand,555.0
978,13,Machinery,High Demand,712.0
659,52,Furniture,Low Demand,500.5
154,51,Clothing,Low Demand,304.0
148,38,Perishable,Low Demand,289.0
560,6,Machinery,Medium Demand,408.0
434,24,Furniture,Medium Demand,379.0
454,36,Clothing,Low Demand,363.0
872,19,Clothing,Medium Demand,652.0
567,58,Clothing,Low Demand,511.5
525,53,Clothing,Medium Demand,506.5
758,67,Clothing,High Demand,675.0
912,71,Machinery,High Demand,828.0
694,69,Furniture,Low Demand,566.0
919,68,Clothing,Medium Demand,703.5
820,38,Electronics,Medium Demand,625.0
486,46,Electronics,High Demand,504.0
72,53,Furniture,High Demand,381.0
614,18,Perishable,Low Demand,533.0
726,36,Perishable,High Demand,719.0
763,9,Perishable,Low Demand,580.5
507,24,Electronics,High Demand,527.5
132,18,Perishable,High Demand,381.0
194,28,Machinery,Medium Demand,325.0
134,6,Clothing,High Demand,291.0
127,59,Electronics,High Demand,406.5
506,20,Furniture,Low Demand,386.0
927,70,Furniture,High Demand,790.5
50,20,Clothing,Low Demand,197.0
100,26,Electronics,High Demand,311.0
734,24,Perishable,High Demand,685.0
766,65,Perishable,Low Demand,711.0
821,38,Machinery,Medium Demand,633.5
495,54,Machinery,Low Demand,422.5
498,40,Perishable,Low Demand,444.0
